{"cameraMode":{"drawMode":0,"name":"Shaded","section":"Shading Mode"},"sceneLighting":false,"audioPlay":false,"sceneViewState":{"showFog":true,"showMaterialUpdate":false,"showSkybox":false,"showFlares":true,"showImageEffects":true,"showParticleSystems":true},"in2DMode":false,"pivot":{"x":130.7790985107422,"y":88.19693756103516,"z":50.5267219543457},"rotation":{"x":-0.0013592360774055124,"y":-0.9979409575462341,"z":-0.022747717797756196,"w":0.05995487794280052},"size":125.8509750366211,"orthographic":false}